number_of_reviews,comment
A/T/S,2
ABILIFY,34
ABILIFY MAINTENA KIT,20
ABIRATERONE,70
ABREVA,6
ABRYSVO,3
ABSORICA,4
ACAM2000 VACCINE,2
ACANYA,2
ACCOLATE,14
ACCUPRIL,39
ACCURETIC,2
ACCUTANE,32
ACEON,10
ACEPHEN,2
ACETAMINOPHEN,83
ACETAMINOPHEN AND CODEINE PHOSPHATE,2
ACETAMINOPHEN AND HYDROCODONE BITARTRATE,2
ACETAMINOPHEN W/ CODEINE,2
ACETAMINOPHEN W/ CODEINE NO. 3,4
"ACETAMINOPHEN, ASPIRIN AND CAFFEINE",2
ACETAZOLAMIDE,8
ACETYLCYSTEINE,4
ACIPHEX,14
ACLOVATE,2
ACTEMRA,28
ACTIGALL,10
ACTIQ,30
ACTIVELLA,8
ACTONEL,14
ACTOS,28
ACYCLOVIR,109
ACYCLOVIR SODIUM,2
ACZONE,10
ADALAT CC,22
ADALIMUMAB,75
ADCIRCA,2
ADDERALL,32
ADDERALL XR,30
ADEMPAS,2
ADENOSCAN,2
ADIPEX-P,30
ADRIAMYCIN PFS,10
ADVAIR DISKUS 100/50,30
ADVAIR HFA,4
ADVICOR,4
ADVIL,26
ADVIL COLD AND SINUS,12
ADVIL LIQUI-GELS,26
ADZENYS XR-ODT,2
AFINITOR,4
AFLURIA,2
AFRINOL,10
AGGRENOX,24
AGRYLIN,8
AIMOVIG,8
AJOVY,8
AKINETON,2
AKNE-MYCIN,2
ALAMAST,2
ALAVERT,2
ALBENZA,4
ALBUTEROL,22
ALBUTEROL SULFATE,24
ALDACTAZIDE,6
ALDACTONE,24
ALDARA,34
ALDOMET,8
ALECENSA,6
ALENDRONATE SODIUM,18
ALESSE,20
ALEVE,24
ALEVE COLD AND SINUS,6
ALFUZOSIN HYDROCHLORIDE,2
ALINIA,2
ALLEGRA,20
ALLEGRA D 12 HOUR ALLERGY AND CONGESTION,26
ALLEGRA D 24 HOUR ALLERGY AND CONGESTION,24
ALLI,16
ALLOPURINOL,26
ALOCRIL,2
ALOPRIM,2
ALPHAGAN,26
ALPHAGAN P,6
ALPRAZOLAM,30
ALREX,2
ALTACE,14
ALUPENT,2
ALVESCO,26
AMANTADINE HCL,14
AMARYL,32
AMBIEN,34
AMBIEN CR,28
AMERGE,32
AMIDATE,2
AMILORIDE HCL AND HYDROCHLOROTHIAZIDE,2
AMILORIDE HYDROCHLORIDE,4
AMINOPHYLLINE,2
AMIODARONE HCL,28
AMIODARONE HYDROCHLORIDE,4
AMITIZA,32
AMITRIPTYLINE HCL,24
AMITRIPTYLINE HYDROCHLORIDE,6
AMITRIPTYLINE HYDROCHORIDE,2
AMLODIPINE BESYLATE,32
AMLODIPINE BESYLATE AND BENAZEPRIL HYDROCHLORIDE,4
AMNESTEEM,2
AMOXAPINE,2
AMOXICILLIN,20
AMOXICILLIN AND CLAVULANATE POTASSIUM,22
AMOXIL,22
AMPYRA,16
AMRIX,13
ANADROL-50,10
ANAFRANIL,32
ANAPROX,20
ANASTROZOLE,32
ANCOBON,2
ANDRODERM,24
ANDROGEL,30
ANEXSIA,2
ANGELIQ,4
ANORO ELLIPTA,22
ANSAID,2
ANTABUSE,4
ANTIVERT,24
ANUSOL HC,10
APIDRA,2
APLENZIN,12
APRESAZIDE,2
APRESOLINE,4
APRISO,4
APTIOM,6
ARALEN,6
ARANELLE,2
ARAVA,24
AREDIA,28
ARESTIN,6
AREXVY,1
ARICEPT,28
ARICEPT ODT,2
ARIMIDEX,32
ARISTADA,4
ARISTOCORT,2
ARIXTRA,2
ARMOUR THYROID,28
ARNUITY ELLIPTA,4
AROMASIN,30
ARTANE,24
ARTHROTEC,26
ASACOL,24
ASACOL HD,8
ASHLYNA,2
ASMANEX HFA,4
ASMANEX TWISTHALER,4
ASPIRIN,10
ASTELIN,26
ASTEPRO,36
ATACAND,22
ATACAND HCT,26
ATARAX,30
ATELVIA,1
ATENOLOL,28
ATENOLOL AND CHLORTHALIDONE,6
ATIVAN,32
ATORVASTATIN CALCIUM,22
ATRALIN,2
ATRIPLA,18
ATROVENT,28
AUGMENTIN  125,22
AUGMENTIN 250,26
AUGMENTIN 875,26
AUGMENTIN XR,24
AUSTEDO,8
AVALIDE,22
AVANDIA,18
AVAPRO,32
AVELOX,26
AVENTYL,1
AVIANE-28,26
AVINZA,16
AVITA,6
AVODART,22
AVONEX,14
AXERT,6
AXID,7
AXIRON,12
AYGESTIN,14
AZASITE,4
AZATHIOPRINE,6
AZELASTINE HYDROCHLORIDE,14
AZELEX,8
AZILECT,3
AZITHROMYCIN,34
AZMACORT,10
AZOPT,30
AZOR,24
AZULFIDINE,32
BACIIM,2
BACLOFEN,30
BACTRIM,32
BACTRIM PEDIATRIC,6
BACTROBAN,6
BARACLUDE,2
BASAGLAR,24
BAYCOL,18
BECONASE,34
BECONASE AQ,2
BELBUCA,32
BELSOMRA,28
BELVIQ,16
BENADRYL,28
BENADRYL PRESERVATIVE FREE,4
BENAZEPRIL HYDROCHLORIDE AND HYDROCHLOROTHIAZIDE,2
BENICAR,16
BENICAR HCT,12
BENLYSTA,20
BENTYL,28
BENZACLIN,6
BENZAMYCIN,10
BENZAMYCIN PAK,4
BENZONATATE,10
BETAMETHASONE DIPROPIONATE,2
BETAMETHASONE VALERATE,2
BETAPACE,32
BETAXOLOL HCL,10
BIAXIN,24
BIAXIN XL,22
BICALUTAMIDE,2
BICILLIN L-A,8
BICNU,2
BIMZELX,2
BINOSTO,2
BISOPROLOL FUMARATE,2
BISOPROLOL FUMARATE AND HYDROCHLOROTHIAZIDE,12
BLISOVI 24 FE,2
BLISOVI FE 1.5/30,2
BLOCADREN,4
BONIVA,24
BONTRIL,10
BONTRIL PDM,4
BOTOX COSMETIC,30
BREO ELLIPTA,24
BRETHINE,10
BREVICON 28-DAY,8
BREVITAL SODIUM,2
BRILINTA,32
BRISDELLE,2
BRIVIACT,4
BROMFED-DM,2
BROMOCRIPTINE MESYLATE,2
BUDESONIDE,6
BUMETANIDE,4
BUMEX,2
BUPIVACAINE HCL,2
BUPRENEX,16
BUPRENORPHINE HCL,12
BUPROPION HCL,20
BUSPAR,22
BUSPIRONE HYDROCHLORIDE,20
"BUTALBITAL, ACETAMINOPHEN AND CAFFEINE",34
"BUTALBITAL, ASPIRIN AND CAFFEINE",6
BUTRANS,20
BYDUREON,28
BYETTA,22
BYSTOLIC,30
CABERGOLINE,10
CAFERGOT,20
CALAN,36
CALAN SR,4
CALCITONIN-SALMON,4
CAMBIA,20
CAMILA,14
CAMPATH,2
CAMPRAL,34
CAMPTOSAR,2
CANASA,10
CANDESARTAN CILEXETIL,6
CAP-PROFEN,2
CAPLYTA,20
CAPOZIDE 25/15,2
CAPTOPRIL,6
CARAFATE,20
CARBAMAZEPINE,4
CARBATROL,16
CARDENE SR,2
CARDIOLITE,2
CARDIZEM,16
CARDIZEM CD,24
CARDURA,28
CARISOPRODOL,2
CAROSPIR,2
CARTIA XT,16
CARVEDILOL,16
CASODEX,16
CATAFLAM,20
CATAPRES,24
CATAPRES-TTS-1,12
CAVERJECT,2
CECLOR,6
CEFACLOR,12
CEFADROXIL,4
CEFDINIR,22
CEFPODOXIME PROXETIL,2
CEFTIN,18
CEFUROXIME AXETIL,8
CEFZIL,14
CELEBREX,14
CELESTONE,24
CELESTONE SOLUSPAN,2
CELEXA,24
CELLCEPT,34
CELONTIN,4
CENESTIN,30
CEPHALEXIN,36
CERVIDIL,4
CESAMET,6
CETIRIZINE HYDROCHLORIDE,8
CETRAXAL,2
CETROTIDE,2
CHANTIX,26
CHEMET,2
CHILDRENS CLARITIN,4
CHLOR-TRIMETON,26
CHLORAPREP,2
CHLORDIAZEPOXIDE HCL,2
CHLORHEXIDINE GLUCONATE,2
CHLOROTHIAZIDE,2
CHLORPROMAZINE HCL,2
CHLORTHALIDONE,18
CHOLESTYRAMINE,4
CHORIONIC GONADOTROPIN,4
CHRONULAC,2
CIALIS,32
CICLOPIROX,2
CIMZIA,14
CIPRO,34
CIPRO HC,34
CIPRO IN DEXTROSE 5% IN PLASTIC CONTAINER,12
CIPRO XR,2
CIPRODEX,4
CIPROFLOXACIN,4
CIPROFLOXACIN HYDROCHLORIDE,10
CIPROFLOXACIN IN DEXTROSE 5% IN PLASTIC CONTAINER,2
CITALOPRAM HYDROBROMIDE,32
CITANEST PLAIN,4
CLARAVIS,12
CLARINEX,10
CLARINEX-D 12 HOUR,2
CLARITHROMYCIN,32
CLARITIN,26
CLARITIN REDITABS,36
CLARITIN-D,16
CLARITIN-D 24 HOUR,30
CLEMASTINE FUMARATE,2
CLEOCIN,26
CLEOCIN HYDROCHLORIDE,26
CLEOCIN T,8
CLIMARA,38
CLIMARA PRO,6
CLINDAGEL,6
CLINDAMYCIN HCL,30
CLINDAMYCIN PHOSPHATE,2
CLINDAMYCIN PHOSPHATE IN DEXTROSE 5%,6
CLINORIL,10
CLOBETASOL PROPIONATE,6
CLOBETASOL PROPIONATE (EMOLLIENT),2
CLOBEX,2
CLODERM,2
CLOMID,32
CLOMIPRAMINE HCL,6
CLOMIPRAMINE HYDROCHLORIDE,2
CLONAZEPAM,36
CLONIDINE,8
CLONIDINE HCL,18
CLONIDINE HCL AND CHLORTHALIDONE,2
CLOPIDOGREL,2
CLORAZEPATE DIPOTASSIUM,2
CLOZAPINE,12
CLOZARIL,34
COBENFY,2
CODEINE SULFATE,2
COGENTIN,32
COL-PROBENECID,2
COLAZAL,30
COLCRYS,16
COLESTID,12
COLYTE,24
COMBIGAN,9
COMBIPATCH,24
COMBIVENT,18
COMBIVIR,16
COMMIT,2
COMPAZINE,26
COMTAN,6
CONCERTA,34
CONDYLOX,28
CONTAC,2
CONTRAVE,26
CONZIP,2
COPAXONE,24
CORDARONE,28
COREG,24
COREG CR,8
CORGARD,32
CORLANOR,2
CORTEF,34
CORTENEMA,6
COSENTYX,28
COSOPT,20
COUMADIN,36
COVERA-HS,10
COZAAR,24
CREON,16
CRESTOR,16
CRINONE,6
CRIXIVAN,2
CRYSELLE,22
CUTIVATE,6
CYCLAFEM 7/7/7,2
CYCLESSA,2
CYCLOBENZAPRINE HCL,22
CYCLOBENZAPRINE HYDROCHLORIDE,2
CYKLOKAPRON,26
CYLERT,4
CYMBALTA,28
CYTOMEL,22
CYTOTEC,12
CYTOXAN,22
D.H.E. 45,34
DALMANE,34
DANAZOL,14
DANTRIUM,2
DAPSONE,12
DARVOCET-N 50,32
DARVON,8
DARVON W/ ASA,2
DARVON-N,38
DARZALEX,2
DASETTA 1/35,4
DAYPRO,26
DAYTRANA,10
DAYVIGO,26
DDAVP,32
DECA-DURABOLIN,24
DECADRON,32
DECADRON W/ XYLOCAINE,2
DECADRON-LA,2
DELATESTRYL,2
DELESTROGEN,4
DELSYM,18
DELTASONE,26
DELZICOL,2
DEMADEX,10
DEMEROL,18
DEMULEN 1/35-28,28
DENAVIR,2
DEPACON,14
DEPAKENE,20
DEPAKOTE,30
DEPAKOTE ER,26
DEPO-MEDROL,30
DEPO-PROVERA,22
DEPO-SUBQ PROVERA 104,2
DEPO-TESTOSTERONE,18
DERMA-SMOOTHE/FS,2
DERMATOP E EMOLLIENT,4
DESIPRAMINE HCL,28
DESLORATADINE,2
DESOGEN,26
DESOGESTREL AND ETHINYL ESTRADIOL,4
DESONIDE,2
DESOXIMETASONE,2
DESOXYN,26
DESYREL,32
DETROL,34
DETROL LA,2
DEXAMETHASONE,18
DEXAMETHASONE SODIUM PHOSPHATE,2
DEXEDRINE,38
DEXILANT,20
"DEXTROAMP SACCHARATE, AMP ASPARTATE, DEXTROAMP SULFATE AND AMP SULFATE",4
DEXTROAMPHETAMINE SULFATE,2
DIABETA,2
DIAMOX,32
DIASTAT,2
DIAZEPAM,38
DIAZEPAM INTENSOL,4
DICLEGIS,2
DICLOFENAC POTASSIUM,2
DICLOFENAC SODIUM,28
DICLOXACILLIN SODIUM,4
DICYCLOMINE HCL,32
DIDREX,6
DIFFERIN,14
DIFLUCAN,28
DIFLUCAN IN SODIUM CHLORIDE 0.9%,2
DIGOXIN,6
DILACOR XR,2
DILANTIN,30
DILANTIN-125,20
DILAUDID,32
DILAUDID-HP,24
DILTIAZEM HCL,10
DILTIAZEM XR,4
DIMENHYDRINATE,6
DIMETAPP,4
DIOVAN,16
DIOVAN HCT,16
DIPENTUM,4
DIPHENHYDRAMINE HCL,4
DIPRIVAN,28
DIPROLENE AF,2
DIPROSONE,2
DIPYRIDAMOLE,2
DISULFIRAM,2
DITROPAN,4
DITROPAN XL,30
DIVALPROEX SODIUM,2
DIVIGEL,30
DOLOBID,4
DOLOPHINE HYDROCHLORIDE,30
DORAL,6
DORYX,16
DORZOLAMIDE HYDROCHLORIDE,4
DOSTINEX,28
DOVONEX,32
DOXAZOSIN MESYLATE,10
DOXEPIN HYDROCHLORIDE,34
DOXY 100,6
DOXYCYCLINE,20
DOXYCYCLINE HYCLATE,34
DRISDOL,4
DRIXORAL,4
DRUG_NAME,1
DUAC,16
DUAVEE,2
DUEXIS,22
DULERA,32
DULOXETINE HYDROCHLORIDE,2
DUONEB,4
DUPIXENT,12
DURAGESIC-100,16
DURAMORPH PF,2
DUREZOL,6
DURICEF,4
DYAZIDE,24
DYMISTA,28
DYNACIN,2
DYNACIRC,4
DYNACIRC CR,8
DYRENIUM,4
DYSPORT,4
E-BASE,2
E-MYCIN,6
E.E.S.,4
E.E.S. 400,2
EC-NAPROSYN,6
EDARBI,8
EDARBYCLOR,18
EDEX,2
EDLUAR,4
EFFEXOR,32
EFFEXOR XR,20
EFFIENT,16
EFUDEX,30
ELAVIL,34
ELDEPRYL,2
ELESTAT,2
ELESTRIN,2
ELIDEL,2
ELIMITE,4
ELIQUIS,32
ELLA,4
ELMIRON,36
ELOCON,32
EMEND,2
EMGALITY,6
EMOQUETTE,2
EMSAM,32
ENABLEX,20
ENALAPRIL MALEATE,12
ENBREL,22
ENDEP,36
ENDOMETRIN,2
ENJUVIA,6
ENPRESSE-28,2
ENSKYCE,2
ENTOCORT EC,20
ENTRESTO,30
ENTYVIO,22
ENULOSE,4
EPCLUSA,6
EPIDUO,6
EPITOL,2
EPIVIR,2
EPIVIR-HBV,4
EPLERENONE,12
ERGOMAR,6
ERGOTAMINE TARTRATE AND CAFFEINE,2
ERRIN,2
ERY-TAB,6
ERYC,4
ERYGEL,2
ERYMAX,4
ERYTHROCIN,22
ERYTHROCIN STEARATE,6
ERYTHROMYCIN,28
ERYTHROMYCIN ETHYLSUCCINATE,2
ERYTHROMYCIN ETHYLSUCCINATE AND SULFISOXAZOLE ACETYL,2
ERYTHROMYCIN STEARATE,2
ESCITALOPRAM OXALATE,18
ESGIC-PLUS,4
ESIDRIX,6
ESKALITH,22
ESKALITH CR,24
ESOMEPRAZOLE MAGNESIUM,2
ESTARYLLA,10
ESTRACE,22
ESTRADERM,6
ESTRADIOL,30
ESTRADIOL AND NORETHINDRONE ACETATE,2
ESTRING,28
ESTROGEL,30
ESTROSTEP 21,30
ESZOPICLONE,2
ETHMOZINE,10
ETODOLAC,10
ETRAFON 2-25,8
EUCRISA,4
EURAX,2
EVAMIST,14
EVENITY,9
EVISTA,13
EVOXAC,26
EXALGO,4
EXCEDRIN (MIGRAINE),20
EXELON,14
EXEMESTANE,2
EXFORGE,20
EXFORGE HCT,6
FACTIVE,4
FALMINA,2
FAMOTIDINE,14
FAMVIR,22
FANAPT,10
FARXIGA,22
FASLODEX,20
FELBATOL,2
FELDENE,30
FELODIPINE,4
FEMARA,22
FEMCON FE,4
FEMHRT,14
FENOFIBRATE,8
FENTANYL,34
FENTANYL CITRATE,2
FENTANYL-100,8
FENTANYL-25,2
FENTORA,16
FERAHEME,2
FERRLECIT,12
FETZIMA,32
FINACEA,10
FINASTERIDE,6
FIORICET,36
FIORICET W/ CODEINE,30
FIORINAL,24
FIORINAL W CODEINE NO 3,22
FLAGYL,30
FLAGYL ER,34
FLAGYL I.V.,26
FLAGYL I.V. RTU IN PLASTIC CONTAINER,8
FLAREX,2
FLECAINIDE ACETATE,16
FLECTOR,2
FLEXERIL,26
FLOMAX,32
FLONASE,30
FLONASE ALLERGY RELIEF,10
FLORINEF,24
FLORONE,2
FLOVENT,28
FLOVENT DISKUS 50,4
FLOVENT HFA,18
FLOXIN,12
FLUBLOK,20
FLUCELVAX,12
FLUCONAZOLE,10
FLUNISOLIDE,4
FLUOROURACIL,14
FLUOXETINE HYDROCHLORIDE,6
FLURAZEPAM HCL,2
FLUTICASONE PROPIONATE,30
FLUVOXAMINE MALEATE,2
FLUZONE,10
FML,22
FOCALIN,20
FOCALIN XR,22
FOLLISTIM,16
FORADIL,2
FORTAMET,2
FORTEO,24
FORTESTA,6
FORTICAL,4
FOSAMAX,20
FOSAMAX PLUS D,8
FROVA,17
FUROSEMIDE,2
FYCOMPA,2
GABAPENTIN,32
GABITRIL,32
GADAVIST,4
GANIRELIX ACETATE,4
GANTRISIN,2
GARDASIL VACCINE,2
GASTROGRAFIN,30
GAVISCON,10
GEMCITABINE HYDROCHLORIDE,2
GEMFIBROZIL,4
GEMZAR,8
GENERLAC,2
GENGRAF,2
GENOTROPIN PRESERVATIVE FREE,2
GENTAMICIN,8
GENTAMICIN SULFATE IN SODIUM CHLORIDE 0.9% IN PLASTIC CONTAINER,2
GEODON,32
GILENYA,14
GLATOPA,2
GLIPIZIDE,12
GLUCOPHAGE,24
GLUCOPHAGE XR,24
GLUCOTROL,10
GLUCOTROL XL,16
GLUCOVANCE,20
GLUMETZA,2
GLYBURIDE,4
GLYBURIDE (MICRONIZED),4
GLYCOPYRROLATE,2
GOLYTELY,26
GONAL-F,8
GRALISE,8
GRIFULVIN V,2
GYNE-LOTRIMIN,2
GYNE-LOTRIMIN 3,8
H.P. ACTHAR GEL,3
HABITROL,4
HALCION,32
HALDOL,34
HALOPERIDOL,12
HALOPERIDOL DECANOATE,6
HECTOROL,2
HELIDAC,2
HEPARIN LOCK FLUSH,2
"HEPARIN SODIUM 20,000 UNITS IN DEXTROSE 5% IN PLASTIC CONTAINER",2
HETLIOZ,2
HEXALEN,2
HORIZANT,6
HUMALOG,18
HUMALOG MIX 75/25,4
HUMATIN,10
HUMATROPE,12
HUMIRA,26
HUMULIN 70/30,6
HUMULIN R,6
HYCODAN,24
HYCOMINE,2
HYDERGINE,4
HYDRALAZINE HCL,18
HYDREA,14
HYDROCHLOROTHIAZIDE,16
HYDROCODONE BITARTRATE AND ACETAMINOPHEN,24
HYDROCORTISONE,4
HYDROCORTONE,6
HYDRODIURIL,16
HYDROMORPHONE HCL,2
HYDROXYCHLOROQUINE SULFATE,6
HYDROXYUREA,6
HYDROXYZINE HCL,22
HYDROXYZINE PAMOATE,14
HYGROTON,4
HYTRIN,28
HYZAAR,20
IBRANCE,4
IBU,4
IBUPROFEN,30
ILEVRO,2
ILOSONE,4
IMBRUVICA,14
IMDUR,18
IMIPRAMINE HCL,22
IMITREX,26
IMODIUM,28
IMODIUM ADVANCED,2
IMURAN,24
INAPSINE,32
INCIVEK,2
INCRUSE ELLIPTA,10
INDERAL,28
INDERAL LA,30
INDO-LEMMON,2
INDOCIN,24
INDOMETHACIN,24
INDOMETHACIN SODIUM,4
INDOMETHEGAN,2
INGREZZA,2
INJECTAFER,4
INTAL,2
INTELENCE,4
INTROVALE,6
INTUNIV,26
INVANZ,4
INVEGA,28
INVEGA SUSTENNA,30
INVEGA TRINZA,6
INVOKANA,20
IONAMIN,34
IPRATROPIUM BROMIDE,2
ISENTRESS,2
ISIBLOOM,30
ISOPTIN,4
ISORDIL,4
ISOSORBIDE MONONITRATE,16
ISRADIPINE,2
ITRACONAZOLE,4
IV PERSANTINE,4
IVERMECTIN,16
JAKAFI,2
JANSSEN COVID-19 VACCINE,36
JANUMET,20
JANUMET XR,2
JANUVIA,20
JARDIANCE,20
JUBLIA,18
JUNEL 1.5/30,2
JUNEL FE 1.5/30,28
JUNEL FE 1/20,24
KADCYLA,6
KADIAN,32
KALETRA,4
KARIVA,12
KEFLEX,22
KELNOR,4
KENALOG,28
KENALOG IN ORABASE,8
KENALOG-10,8
KENALOG-40,28
KEPPRA,34
KEPPRA XR,8
KERLONE,12
KETALAR,4
KETAMINE HYDROCHLORIDE,10
KETEK,10
KETOCONAZOLE,4
KETOZOLE,2
KEYTRUDA,4
KINERET,12
KLARON,38
KLONOPIN,32
KLONOPIN RAPIDLY DISINTEGRATING,26
KLOR-CON,2
KURVELO,2
KUVAN,4
KYTRIL,10
LABETALOL HCL,22
LAC-HYDRIN,2
LACRISERT,24
LACTULOSE,22
LAMICTAL,24
LAMICTAL CD,24
LAMICTAL ODT,4
LAMICTAL XR,10
LAMISIL,26
LAMISIL AT,32
LAMOTRIGINE,14
LANOXIN,12
LANSOPRAZOLE,8
"LANSOPRAZOLE, AMOXICILLIN AND CLARITHROMYCIN",2
LANTUS,22
LARIAM,26
LARIN 1/20,4
LARIN FE 1.5/30,2
LASIX,26
LASTACAFT,2
LATISSE,1
LATUDA,14
LAXILOSE,4
LEFLUNOMIDE,2
LEQVIO,4
LESCOL,2
LESCOL XL,20
LESSINA-28,6
LETAIRIS,2
LETROZOLE,4
LEUCOVORIN CALCIUM,2
LEUPROLIDE ACETATE,2
LEVAQUIN,28
LEVEMIR,6
LEVETIRACETAM,4
LEVITRA,36
LEVLITE,32
LEVO-DROMORAN,2
LEVO-T,4
LEVOFLOXACIN,8
LEVONORGESTREL,4
LEVORA 0.15/30-21,10
LEVORA 0.15/30-28,24
LEVORPHANOL TARTRATE,2
LEVOTHROID,6
LEVOTHYROXINE SODIUM,28
LEVOXYL,26
LEVULAN,2
LEXAPRO,20
LEXXEL,2
LIALDA,14
LIBRIUM,30
LIDEX,4
LIDOCAINE,4
LIDOCAINE HCL,2
LIDOCAINE HCL VISCOUS,2
LIDOCAINE HYDROCHLORIDE PRESERVATIVE FREE IN PLASTIC CONTAINER,2
LIDODERM,24
LILETTA,8
LIMBITROL,10
LINCOCIN,2
LINZESS,22
LIORESAL,12
LIOTHYRONINE SODIUM,6
LIPITOR,26
LIPOFEN,2
LISINOPRIL,18
LISINOPRIL AND HYDROCHLOROTHIAZIDE,30
LITHIUM CARBONATE,30
LITHIUM CITRATE,16
LITHOBID,36
LIVALO,28
LO LOESTRIN FE,18
LO/OVRAL,2
LO/OVRAL-28,20
LODINE,32
LODINE XL,4
LOESTRIN 21 1.5/30,6
LOESTRIN 21 1/20,28
LOESTRIN 24 FE,28
LOESTRIN FE 1.5/30,24
LOESTRIN FE 1/20,22
LOMOTIL,30
LONOX,2
LOPID,28
LOPRESSOR,26
LORABID,2
LORATADINE,6
LORATADINE AND PSEUDOEPHEDRINE SULFATE,2
LORAZEPAM,30
LORAZEPAM INTENSOL,6
LORCET-HD,8
LORTAB,12
LORYNA,2
LOSARTAN POTASSIUM,28
LOSARTAN POTASSIUM AND HYDROCHLOROTHIAZIDE,10
LOSEASONIQUE,22
LOTEMAX,10
LOTENSIN,28
LOTENSIN HCT,6
LOTREL,28
LOTRIMIN,2
LOTRISONE,12
LOTRONEX,16
LOVASTATIN,8
LOVAZA,22
LOVENOX (PRESERVATIVE FREE),12
LOW-OGESTREL-21,16
LOXAPINE SUCCINATE,2
LOXITANE,4
LOZOL,20
LUCENTIS,1
LUDIOMIL,4
LUMIGAN,22
LUNELLE,8
LUNESTA,26
LUPRON,32
LUPRON DEPOT,42
LUPRON DEPOT-3,24
LUPRON DEPOT-PED,2
LUVOX,26
LUVOX CR,12
LUXIQ,6
LYBREL,2
LYNPARZA,2
LYRICA,22
LYSTEDA,22
M-ZOLE 3 COMBINATION PACK,2
MACROBID,20
MACRODANTIN,24
MAGNEVIST,2
MALARONE,16
MARINOL,32
MARPLAN,20
MAVIK,26
MAXAIR,16
MAXALT,14
MAXALT-MLT,12
MAXITROL,2
MAXZIDE,24
MECLIZINE HCL,12
MECLOFENAMATE SODIUM,2
MEDIHALER-ISO,8
MEDROL,32
MEDROL ACETATE,2
MEDROXYPROGESTERONE ACETATE,2
MEGACE,32
MEGACE ES,8
MEGESTROL ACETATE,4
MELLARIL-S,10
MELOXICAM,24
MENEST,6
MENOPUR,2
MEPERGAN,26
MEPRON,12
MERCAPTOPURINE,4
MERIDIA,30
MERREM,4
MESALAMINE,2
MESTINON,36
METADATE ER,2
METFORMIN HYDROCHLORIDE,20
METHADONE HYDROCHLORIDE,32
METHADONE HYDROCHLORIDE INTENSOL,18
METHADOSE,24
METHAMPHETAMINE HCL,4
METHENAMINE HIPPURATE,2
METHERGINE,6
METHIMAZOLE,4
METHOCARBAMOL,4
METHOTREXATE,22
METHOTREXATE PRESERVATIVE FREE,4
METHOTREXATE SODIUM,22
METHSCOPOLAMINE BROMIDE,2
METHYLDOPA,6
METHYLPHENIDATE HCL,14
METHYLPREDNISOLONE,16
METHYLPREDNISOLONE ACETATE,2
METIMYD,2
METOCLOPRAMIDE HCL,4
METOPROLOL SUCCINATE,26
METOPROLOL TARTRATE,30
METOPROLOL TARTRATE AND HYDROCHLOROTHIAZIDE,4
METROGEL,30
METROGEL-VAGINAL,20
METROLOTION,4
METROMIDOL,2
METRONIDAZOLE,30
METRONIDAZOLE IN PLASTIC CONTAINER,2
MEVACOR,24
MEXATE-AQ,4
MEXILETINE HYDROCHLORIDE,6
MEXITIL,2
MIACALCIN,24
MICARDIS,26
MICARDIS HCT,24
MICONAZOLE 3 COMBINATION PACK,2
MICRO-K,4
MICROGESTIN FE 1.5/30,32
MICROGESTIN FE 1/20,30
MICROLITE,2
MICRONASE,2
MICRONOR,14
MICROZIDE,12
MIDAZOLAM HCL,38
MIDODRINE HYDROCHLORIDE,2
MIFEPREX,22
MIGRANAL,18
MILTOWN,8
MINASTRIN 24 FE,8
MINIPRESS,8
MINITRAN,2
MINIVELLE,2
MINIZIDE,2
MINOCIN,22
MINOCYCLINE HCL,24
MINOXIDIL,4
MINOXIDIL (FOR MEN),10
MINOXIDIL (FOR WOMEN),12
MIRALAX,26
MIRAPEX,24
MIRAPEX ER,4
MIRCETTE,22
MIRENA,26
MIRTAZAPINE,28
MIRVASO,4
MISOPROSTOL,4
MOBAN,4
MOBIC,22
MODAFINIL,2
MODERNA COVID-19,51
MODICON 21,6
MODURETIC 5-50,6
MONISTAT 1 COMBINATION PACK,16
MONISTAT 3,12
MONISTAT 3 COMBINATION PACK,8
MONISTAT 7,20
MONISTAT 7 COMBINATION PACK,4
MONISTAT DUAL- PAK,6
MONISTAT-3 COMBINATION PACK,24
MONO-LINYAH,8
MONOPRIL,18
MONTELUKAST SODIUM,2
MONUROL,6
MORPHINE SULFATE,32
MOTEGRITY,10
MOTOFEN,12
MOTRIN,20
MOUNJARO,28
MOVANTIK,16
MOVIPREP,28
MOXIFLOXACIN HYDROCHLORIDE,2
MS CONTIN,24
MUCINEX,22
MUCINEX D,2
MUCINEX DM,12
MULTAQ,26
MUPIROCIN,4
MUSE,4
MYCELEX,6
MYCOLOG-II,1
MYDAYIS,2
MYDRIACYL,2
MYLERAN,2
MYORISAN,4
MYRBETRIQ,24
MYSOLINE,26
MYZILRA,2
NABUMETONE,4
NADOLOL,28
NAFTIN,2
NALTREXONE,28
NAMENDA,22
NAPRELAN,8
NAPROSYN,14
NAPROXEN,26
NAPROXEN SODIUM,12
NARDIL,36
NASACORT,28
NASACORT AQ,20
NASALCROM,30
NASAREL,28
NASONEX,32
NATEGLINIDE,2
NATESTO,2
NAVANE,32
NEFAZODONE HYDROCHLORIDE,12
NEGGRAM,2
NEMBUTAL,10
NEOMYCIN AND POLYMYXIN B SULFATES AND DEXAMETHASONE,2
NEORAL,30
NEOSPORIN,4
NEPTAZANE,2
NEULASTA,2
NEUPRO,1
NEURONTIN,24
NEXAVAR,2
NEXIUM,30
NEXIUM 24HR,2
NEXLETOL,36
NEXPLANON,32
NIACIN,16
NIASPAN,18
NICODERM CQ,8
NICOLAR,6
NICORETTE,30
NICOTINE POLACRILEX,2
NIFEDIPINE,26
NIKKI,2
NILSTAT,1
NITRO-DUR,2
NITROFURANTOIN,24
NITROFURANTOIN (MONOHYDRATE/MACROCRYSTALS),18
NITROGLYCERIN,2
NIZORAL,10
NOLVADEX,20
NOR-QD,5
NORCO,32
NORDETTE-21,2
NORDETTE-28,28
NORDITROPIN,2
NORDITROPIN NORDIFLEX,2
NORETHIDRONE,3
NORETHINDRONE AND ETHINYL ESTRADIOL,24
NORFLEX,18
NORGESIC,20
NORGESTIMATE AND ETHINYL ESTRADIOL,4
NORINYL 1 35 21-DAY,4
NORITATE,4
NORMODYNE,2
NOROXIN,8
NORPACE,2
NORPACE CR,6
NORPLANT SYSTEM,24
NORPRAMIN,20
NORTHERA,2
NORTRIPTYLINE HYDROCHLORIDE,18
NORVASC,30
NORVIR,1
NOVAVAX COVID-19 ADJUVANTED,3
NOVOLIN 70/30,4
NOVOLOG,18
NUBAIN,22
NUCALA,22
NUCYNTA,28
NUCYNTA ER,10
NUEDEXTA,2
NULYTELY,22
NUMORPHAN,4
NUPLAZID,4
NURTEC ODT,1
NUVARING,30
NUVIGIL,24
NYSTATIN,11
NYSTATIN AND TRIAMCINOLONE ACETONIDE,7
NYSTOP,1
OCUCLEAR,1
OFEV,1
OGEN .625,2
OGESTREL 0.5/50-21,1
OLANZAPINE,12
OLEPTRO,2
OLUX,4
OMACOR,6
OMEPRAZOLE,32
OMEPRAZOLE AND SODIUM BICARBONATE,2
OMEPRAZOLE MAGNESIUM,4
OMNARIS,18
OMNICEF,30
OMNISCAN,2
ONDANSETRON,2
ONFI,16
ONGLYZA,8
OPANA,8
OPANA ER,26
OPSUMIT,2
OPTICROM,6
OPTIVAR,8
ORACEA,10
ORAMORPH SR,16
ORAP,4
ORENCIA,22
ORILISSA,2
ORTHO CYCLEN-21,12
ORTHO EVRA,32
ORTHO TRI-CYCLEN,28
ORTHO TRI-CYCLEN LO,2
ORTHO-CEPT,12
ORTHO-NOVUM 1/35-21,2
ORTHO-NOVUM 1/35-28,16
ORTHO-NOVUM 7/14-28,2
ORTHO-NOVUM 7/7/7-21,18
ORUDIS,12
ORUDIS KT,4
ORUVAIL,2
OSMOPREP,4
OSPHENA,24
OTEZLA,22
OVCON-35,24
OVCON-50,30
OVIDREL,6
OVRAL-28,8
OXANDROLONE,2
OXAZEPAM,6
OXISTAT,2
OXYBUTYNIN,2
OXYBUTYNIN CHLORIDE,10
OXYCET,2
OXYCODONE AND ACETAMINOPHEN,30
OXYCODONE AND ASPIRIN,14
OXYCODONE HYDROCHLORIDE,22
OXYCONTIN,24
OXYMORPHONE HYDROCHLORIDE,2
OXYTETRACYCLINE HCL,4
OXYTROL,6
OZEMPIC,18
OZURDEX,2
PACERONE,6
PALIPERIDONE,2
PAMELOR,16
PAMINE,10
PANTOPRAZOLE SODIUM,22
PARAFON FORTE DSC,6
PARAGARD T 380A,9
PARAPLATIN,2
PARLODEL,26
PARNATE,34
PAROXETINE,10
PATADAY,4
PATANASE,9
PATANOL,38
PAXIL,30
PAXIL CR,34
PAXLOVID,34
PEMOLINE,2
PEN-VEE K,4
PENICILLIN V POTASSIUM,4
PENICILLIN-VK,2
PENLAC,12
PENNSAID,8
PENTASA,26
PENTOTHAL,2
PEPCID,24
PEPCID AC,28
PEPCID COMPLETE,12
PEPCID RPD,2
PERCOCET,26
PERCODAN-DEMI,16
PERFOROMIST,2
PERIACTIN,26
PERIDEX,26
PERINDOPRIL ERBUMINE,2
PERIOGARD,4
PERMAX,4
PERPHENAZINE AND AMITRIPTYLINE HCL,8
PERSANTINE,6
PEXEVA,8
PFIZER-BIONTECH COVID-19,45
PHENAPHEN W/ CODEINE NO. 3,2
PHENDIMETRAZINE TARTRATE,6
PHENERGAN,22
PHENERGAN VC,2
PHENERGAN W/ CODEINE,32
PHENERGAN W/ DEXTROMETHORPHAN,4
PHENTERMINE HYDROCHLORIDE,32
PHOSLO,2
PHOSPHOLINE IODIDE,2
PILOCARPINE HYDROCHLORIDE,2
PINDOLOL,4
PIQRAY,8
PIRMELLA 7/7/7,2
PIROXICAM,2
PITOCIN,2
PLACIDYL,24
PLAN B,22
PLAN B ONE-STEP,28
PLAQUENIL,28
PLAVIX,28
PLENDIL,26
PLETAL,26
PONSTEL,36
POTASSIUM CHLORIDE 10MEQ IN DEXTROSE 5% AND SODIUM CHLORIDE 0.3% IN PLASTIC CONTAINER,2
PRADAXA,18
PRALUENT,24
PRANDIN,3
PRAVACHOL,26
PRAVASTATIN SODIUM,18
PRAZOSIN HCL,16
PRECOSE,4
PRED FORTE,16
PREDNISOLONE,20
PREDNISONE,24
PREDNISONE INTENSOL,20
PREGABALIN,6
PREMARIN,28
PREMASOL 6% IN PLASTIC CONTAINER,2
PREMPRO,22
PREVACID,20
PREVACID 24 HR,18
PREVALITE,6
PREVIFEM,6
PREVNAR 20 VACCINE,6
PREVPAC,36
PRILOSEC,36
PRILOSEC OTC,24
PRINIVIL,30
PRINZIDE,4
PRISTIQ,28
PRO-BANTHINE,28
PROAIR HFA,12
PROAMATINE,10
PROBENECID,2
PROCARDIA,4
PROCARDIA XL,22
PROCHLORPERAZINE,8
PROCTOFOAM HC,4
PROGESTERONE,24
PROGRAF,28
PROHANCE,2
PROLIA,28
PROLIXIN,16
PROLIXIN DECANOATE,4
PROMETHAZINE HCL,2
PROMETHAZINE HCL AND CODEINE PHOSPHATE,2
PROMETHAZINE PLAIN,2
PROMETHAZINE WITH CODEINE,4
PROMETRIUM,24
PROPAFENONE HCL,6
PROPANTHELINE BROMIDE,2
PROPECIA,36
PROPOFOL,26
PROPOXYPHENE NAPSYLATE AND ACETAMINOPHEN,6
PROPRANOLOL HCL,38
PROPRANOLOL HCL INTENSOL,2
PROPRANOLOL HYDROCHLORIDE,2
PROPYLTHIOURACIL,20
PROQUIN XR,2
PROSCAR,28
PROSOM,4
PROTONIX,30
PROTONIX IV,6
PROTOPIC,2
PROVENTIL,18
PROVENTIL-HFA,32
PROVERA,24
PROVIGIL,30
PROZAC,32
PSEUDOEPHEDRINE HCL,6
PSEUDOEPHEDRINE HCL AND CHLORPHENIRAMINE MALEATE,2
PULMICORT,20
PULMICORT FLEXHALER,16
PULMICORT RESPULES,34
PURINETHOL,26
PYLERA,24
QELBREE,15
QNASL,6
QSYMIA,9
QTERN,3
QUADRAMET,3
QUARTETTE,3
QUASENSE,6
QUESTRAN,48
QUESTRAN LIGHT,24
QUETIAPINE FUMARATE,24
QUIXIN,6
QULIPTA,36
QUVIVIQ,3
QVAR 80,42
QVAR REDIHALER,39
RAPAFLO,13
RAPAMUNE,12
REBIF,1
RECLAST,11
REGLAN,15
RELAFEN,13
RELENZA,2
RELPAX,16
REMERON,16
REMERON SOLTAB,9
REMICADE,17
REMODULIN,1
RENOVA,1
REPATHA,18
REPRONEX,2
RESTASIS,12
RESTORIL,9
RETIN-A,11
RETIN-A MICRO,9
REVIA,8
REVLIMID,2
REXULTI,7
RHINOCORT,9
RINVOQ,5
RITALIN,17
RITALIN LA,9
RITALIN-SR,16
ROBAXIN,13
ROBAXISAL,1
ROBINUL,19
ROCALTROL,3
ROCEPHIN,9
ROCKLATAN,2
ROGAINE (FOR MEN),7
ROGAINE EXTRA STRENGTH (FOR MEN),13
ROMAZICON,1
ROWASA,9
ROXICET,5
ROXICODONE,18
RUBRAMIN PC,1
RYBELSUS,14
RYTARY,1
RYTHMOL,13
RYTHMOL SR,4
RYZOLT,1
SAFYRAL,2
SALAGEN,28
SALONPAS,2
SANCTURA,2
SANCTURA XR,2
SANDIMMUNE,14
SANDOSTATIN,4
SANDOSTATIN LAR,6
SANSERT,20
SAPHRIS,30
SARAFEM,2
SAVAYSA,2
SAVELLA,16
SEASONALE,28
SEASONIQUE,18
SECONAL SODIUM,12
SECTRAL,12
SELEGILINE HCL,6
SEMPREX-D,6
SENSIPAR,2
SEPTOCAINE,20
SEPTRA,30
SERAX,34
SEREVENT,34
SEROQUEL,51
SEROQUEL XR,48
SERTRALINE HYDROCHLORIDE,22
SERZONE,36
SETLAKIN,2
SHINGRIX VACCINE,28
SIMCOR,2
SIMPONI,20
SIMPONI ARIA,6
SIMVASTATIN,18
SINEMET,18
SINEMET CR,12
SINEQUAN,24
SINGULAIR,36
SIVEXTRO,2
SKELAXIN,28
SKYLA,4
SLO-BID,2
SLYND,6
SODIUM IODIDE I 131,2
SOLARAZE,4
SOLODYN,14
SOLU-MEDROL,30
SOMA,36
SOMA COMPOUND,2
SONATA,30
SORIATANE,22
SOTALOL HCL,16
SOTALOL HYDROCHLORIDE,2
SOTRET,2
SOVALDI,4
SPECTAZOLE,2
SPECTRACEF,4
SPIRIVA,34
SPIRIVA RESPIMAT,2
SPIRONOLACTONE,28
SPIRONOLACTONE AND HYDROCHLOROTHIAZIDE,2
SPIRONOLACTONE W/ HYDROCHLOROTHIAZIDE,2
SPORANOX,26
SPRINTEC,26
SPRIX,6
STADOL,16
STARLIX,2
STAXYN,2
STEGLATRO,2
STELARA,26
STELAZINE,36
STENDRA,6
STIMATE,2
STIOLTO RESPIMAT,12
STRATTERA,24
STRIANT,4
STROMECTOL,6
SUBOXONE,24
SUBUTEX,28
SUCRALFATE,4
SUDAFED 12 HOUR,22
SULAR,30
SULFADIAZINE,2
SULFAMETHOXAZOLE AND TRIMETHOPRIM,16
SULFAMETHOXAZOLE AND TRIMETHOPRIM DOUBLE STRENGTH,2
SULFASALAZINE,30
SULINDAC,8
SUMATRIPTAN SUCCINATE,8
SUMAVEL DOSEPRO,10
SUNOSI,12
SUPRAX,4
SUPREP BOWEL PREP KIT,32
SURMONTIL,32
SUSTIVA,32
SUTENT,2
SYMBICORT,30
SYMBYAX,10
SYMLIN,2
SYMMETREL,8
SYMPROIC,2
SYNALAR,2
SYNAREL,28
SYNTHROID,16
TACLONEX SCALP,2
TACROLIMUS,2
TAGAMET,12
TALACEN,8
TALTZ,4
TALWIN,20
TALWIN NX,12
TAMBOCOR,30
TAMIFLU,26
TAMOXIFEN CITRATE,14
TAMSULOSIN HYDROCHLORIDE,8
TAPAZOLE,12
TARCEVA,2
TARGRETIN,2
TARKA,28
TAVIST,6
TAXOL,26
TAXOTERE,8
TAZORAC,16
TAZTIA XT,2
TECFIDERA,16
TEGRETOL,34
TEGRETOL-XR,30
TEKTURNA,12
TEKTURNA HCT,4
TELMISARTAN AND AMLODIPINE,2
TEMAZEPAM,32
TEMODAR,8
TEMOVATE,6
TEMOVATE E,2
TENCON,2
TENEX,26
TENORETIC 100,4
TENORMIN,28
TENUATE DOSPAN,28
TEPANIL TEN-TAB,2
TEQUIN,26
TERAZOL 3,10
TERAZOL 7,4
TERAZOSIN HCL,2
TERBINAFINE HYDROCHLORIDE,6
TESSALON,14
TESTIM,20
TESTOSTERONE CYPIONATE-ESTRADIOL CYPIONATE,6
TETRABENAZINE,4
TETRACYCLINE HYDROCHLORIDE,20
TEVETEN,20
THALOMID,6
THEOPHYLLINE,2
THORAZINE,34
THRIVE,2
TIAZAC,10
TIGAN,12
TIKOSYN,28
TILADE,6
TIMENTIN,2
TIMOLOL MALEATE,4
TIMOPTIC,2
TIMOPTIC-XE,6
TINDAMAX,20
TIOCONAZOLE,2
TIROSINT,24
TIZANIDINE HYDROCHLORIDE,2
TOBRADEX,18
TOBRAMYCIN AND DEXAMETHASONE,4
TOFRANIL,34
TOFRANIL-PM,20
TOLECTIN,2
TOPAMAX,30
TOPAMAX SPRINKLE,34
TOPICORT,2
TOPIRAMATE,4
TOPROL XL,28
TORADOL,24
TORSEMIDE,6
TOUJEO SOLOSTAR,2
TOVIAZ,6
TRADJENTA,10
TRAMADOL HYDROCHLORIDE,36
TRAMADOL HYDROCHLORIDE AND ACETAMINOPHEN,2
TRANSDERM SCOP,28
TRANSDERM-NITRO,2
TRANXENE,30
TRASYLOL,2
TRAVATAN Z,6
TRAZODONE HCL,18
TRELEGY ELLIPTA,12
TRELSTAR,2
TRENTAL,8
TRESIBA,6
TRETINOIN,2
TREXALL,2
TREXIMET,30
TRI LO SPRINTEC,2
TRI-LINYAH,2
TRI-NORINYL 21-DAY,14
TRI-SPRINTEC,2
TRIAMCINOLONE ACETONIDE,4
TRIAMCINOLONE ACETONIDE IN ABSORBASE,2
TRIAMTERENE AND HYDROCHLOROTHIAZIDE,22
TRIAZOLAM,4
TRICOR,12
TRICOR (MICRONIZED),20
TRIGLIDE,2
TRILAFON,30
TRILEPTAL,36
TRILIPIX,14
TRILYTE,2
TRIMETH/SULFA,2
TRIMETHOPRIM,24
TRIMETHOPRIM SULFATE AND POLYMYXIN B SULFATE,2
TRINTELLIX,26
TRIOSTAT,2
TRIPHASIL-21,6
TRIPHASIL-28,32
TRIVORA-21,8
TROKENDI XR,18
TROVAN,2
TRULANCE,24
TRULICITY,20
TRUSOPT,4
TRUVADA,4
TUDORZA PRESSAIR,2
TUSSIONEX PENNKINETIC,20
TWYNSTA,2
TYLENOL,24
TYLENOL W/ CODEINE,16
TYLENOL W/ CODEINE NO. 1,26
TYLOX,14
TYMLOS,2
TYSABRI,12
UBRELVY,14
UCERIS,4
ULORIC,14
ULTRACET,22
ULTRAM,34
ULTRAM ER,4
ULTRAVATE,4
UNIRETIC,6
UNISOM,30
UNITHROID,18
UNIVASC,4
URECHOLINE,4
UREX,2
UROCIT-K,4
UROXATRAL,36
URSO 250,4
URSODIOL,6
V-CILLIN K,2
VAGIFEM,28
VALACYCLOVIR HYDROCHLORIDE,14
VALIUM,38
VALNAC,2
VALPROIC ACID,6
VALSARTAN,8
VALTREX,28
VANCOCIN HYDROCHLORIDE,30
VANCOMYCIN HCL,24
VANDAZOLE,2
VANIQA,6
VANTIN,2
VARUBI,1
VASCEPA,22
VASERETIC,2
VASOTEC,30
VEKLURY,1
VELBAN,2
VELETRI,2
VELIVET,2
VENCLEXTA,2
VENLAFAXINE HYDROCHLORIDE,20
VENOFER,2
VENTOLIN,24
VENTOLIN HFA,8
VENTOLIN ROTACAPS,2
VERAMYST,28
VERAPAMIL HCL,22
VERAPAMIL HYDROCHLORIDE,2
VEREGEN,2
VERELAN,4
VERELAN PM,6
VERSACLOZ,2
VERSED,30
VESANOID,2
VESICARE,32
VEXOL,1
VIAGRA,36
VIBERZI,2
VIBRA-TABS,2
VIBRAMYCIN,26
VICODIN,24
VICODIN ES,28
VICODIN HP,32
VICOPROFEN,28
VICTOZA,20
VIDEX,2
VIDEX EC,2
VIENVA,4
VIGAMOX,2
VIIBRYD,24
VIMOVO,2
VIMPAT,36
VIORELE,8
VIOXX,17
VIREAD,2
VISICOL,4
VISINE-A,2
VISKEN,2
VISTARIL,24
VITAMIN D,26
VIVACTIL,24
VIVELLE,22
VIVELLE-DOT,26
VIVITROL,4
VOLTAREN,34
VOLTAREN-XR,28
VORICONAZOLE,2
VOTRIENT,2
VRAYLAR,30
VTAMA,2
VYTORIN,28
VYVANSE,18
VYVGART,4
WARFARIN SODIUM,24
WEGOVY,6
WELCHOL,48
WELLBUTRIN,28
WELLBUTRIN SR,32
WELLBUTRIN XL,24
XALATAN,22
XANAX,36
XANAX XR,28
XARELTO,16
XARTEMIS XR,2
XELJANZ,24
XELODA,30
XENICAL,22
XIFAXAN,13
XIIDRA,24
XOFLUZA,2
XOLAIR,8
XOPENEX,24
XTANDI,4
XULANE,6
XYREM,30
XYZAL,26
YASMIN,28
YAZ,24
YERVOY,2
ZADITOR,12
ZAGAM,2
ZANAFLEX,24
ZANTAC,7
ZANTAC 150,11
ZANTAC 75,14
ZARONTIN,30
ZAROXOLYN,2
ZEBETA,28
ZEGERID,28
ZEGERID OTC,6
ZELNORM,16
ZEMURON,1
ZENATANE,6
ZENPEP,2
ZERIT,4
ZESTORETIC,18
ZESTRIL,32
ZETIA,24
ZETONNA,8
ZIAC,22
ZIAGEN,2
ZIANA,2
ZINACEF,4
ZIOPTAN,2
ZIPSOR,14
ZITHROMAX,30
ZMAX,4
ZOCOR,32
ZOFRAN,18
ZOFRAN ODT,30
ZOHYDRO ER,4
ZOLADEX,32
ZOLOFT,28
ZOLPIDEM TARTRATE,4
ZOLPIDEM TATRATE,4
ZOMETA,22
ZOMIG,38
ZOMIG-ZMT,6
ZONALON,4
ZONEGRAN,32
ZONISAMIDE,8
ZORVOLEX,16
ZOVIA 1/35E-21,4
ZOVIA 1/35E-28,20
ZOVIA 1/50E-28,4
ZOVIRAX,20
ZUBSOLV,12
ZUTRIPRO,2
ZYBAN,32
ZYDONE,2
ZYFLO CR,2
ZYLET,2
ZYLOPRIM,10
ZYPREXA,26
ZYPREXA RELPREVV,8
ZYPREXA ZYDIS,32
ZYRTEC,26
ZYRTEC ALLERGY,2
ZYRTEC-D 12 HOUR,2
ZYVOX,8
abacavir,22
abilify,27
abiraterone,58
bacitracin,18
balsalazide,47
baqsimi,56
cabazitaxel,13
cabergoline,55
calcipotriene,57
calcitonin,44
calcitriol,35
calcium,47
calquence,15
campath,16
campho,44
camzyos,31
candesartan,90
capecitabine,55
caplyta,57
caprelsa,9
captopril,36
carbidopa,91
carboplatin,38
dabigatran,57
dalfampridine,54
dalvance,6
danazol,43
dantrolene,18
dapsone,51
darifenacin,51
dayvigo,58
drug_name,1
fabrazyme,16
famciclovir,53
famotidine,51
fanapt,58
farxiga,61
fasenra,62
galantamine,57
galzin,22
ganciclovir,6
gattex,8
gazyva,18
halcinonide,20
haloperidol,57
ibandronate,59
ibgard,60
ibrance,44
ibsrela,57
ibuprofen,43
jakafi,36
januvia,53
jardiance,61
kalydeco,3
l,1
labetalol,51
lacosamide,52
lagevrio,58
lamivudine,36
lamotrigine,47
lanreotide,11
lansoprazole,44
lanthanum,26
lapatinib,46
maalox,46
magnesium,76
maraviroc,3
marplan,22
mavyret,56
mayzent,9
nabumetone,49
nadolol,50
naftifine,44
naltrexone,58
namzaric,17
naphazoline,3
naproxen,52
natacyn,21
nateglinide,40
nayzilam,5
paclitaxel,67
paliperidone,55
pamidronate,51
pancreaze,10
panhematin,6
pantoprazole,57
paragard,53
paricalcitol,40
paromomycin,1
pazopanib,51
rabeprazole,41
raloxifene,55
ramelteon,59
ramipril,59
ranibizumab,45
rapivab,1
rasagiline,48
rayaldee,7
salicylic,53
salsalate,46
sancuso,15
santyl,54
saphnelo,60
savaysa,17
saxagliptin,54
saxenda,61
tabrecta,3
tacrolimus,54
tafluprost,51
tagrisso,12
taltz,56
tamsulosin,61
tarpeyo,46
tasimelteon,12
tavaborole,33
tavalisse,3
ubrelvy,58
vabysmo,38
valacyclovir,58
valchlor,7
valganciclovir,46
valsartan,66
valtoco,3
varenicline,57
varubi,9
wakix,19
xadago,4
xalkori,30
xarelto,61
zafirlukast,46
zaleplon,49
zaltrap,3
